primaryImage,Artist Display Name
https://images.metmuseum.org/CRDImages/ad/original/25534.jpg,Gilbert Stuart
https://images.metmuseum.org/CRDImages/ad/original/ap67.187.138.jpg,Albert Pinkham Ryder
https://images.metmuseum.org/CRDImages/ad/original/DP-1427-019.jpg,William P. Chappel
https://images.metmuseum.org/CRDImages/ad/original/DP-1427-011.jpg,William P. Chappel
https://images.metmuseum.org/CRDImages/ad/original/DP-1427-001.jpg,William P. Chappel
https://images.metmuseum.org/CRDImages/ad/original/DP-1427-003.jpg,William P. Chappel
https://images.metmuseum.org/CRDImages/ad/original/DP-1427-009.jpg,William P. Chappel
https://images.metmuseum.org/CRDImages/ad/original/DP-1427-013.jpg,William P. Chappel
https://images.metmuseum.org/CRDImages/ad/original/DP-1427-023.jpg,William P. Chappel
https://images.metmuseum.org/CRDImages/ad/original/DP-1427-053.jpg,William P. Chappel
https://images.metmuseum.org/CRDImages/ad/original/DP-1427-047.jpg,William P. Chappel
https://images.metmuseum.org/CRDImages/ad/original/DP-1427-051.jpg,William P. Chappel
https://images.metmuseum.org/CRDImages/ad/original/DP-1427-033.jpg,William P. Chappel
https://images.metmuseum.org/CRDImages/ad/original/DP-1427-031.jpg,William P. Chappel
https://images.metmuseum.org/CRDImages/ad/original/DP-1427-025.jpg,William P. Chappel
https://images.metmuseum.org/CRDImages/ad/original/DP-1427-027.jpg,William P. Chappel
https://images.metmuseum.org/CRDImages/ad/original/DP-1427-007.jpg,William P. Chappel
https://images.metmuseum.org/CRDImages/ad/original/DP-1427-021.jpg,William P. Chappel
https://images.metmuseum.org/CRDImages/ad/original/DP-1427-035.jpg,William P. Chappel
https://images.metmuseum.org/CRDImages/ad/original/DP-1427-015.jpg,William P. Chappel
https://images.metmuseum.org/CRDImages/ad/original/DP-1427-029.jpg,William P. Chappel
https://images.metmuseum.org/CRDImages/ad/original/DP-1427-037.jpg,William P. Chappel
https://images.metmuseum.org/CRDImages/ad/original/DP-1427-017.jpg,William P. Chappel
https://images.metmuseum.org/CRDImages/ad/original/DP-1427-005.jpg,William P. Chappel
https://images.metmuseum.org/CRDImages/ad/original/DP-1427-045.jpg,William P. Chappel
https://images.metmuseum.org/CRDImages/ad/original/DP-1427-049.jpg,William P. Chappel
https://images.metmuseum.org/CRDImages/ad/original/DP-1427-041.jpg,William P. Chappel
https://images.metmuseum.org/CRDImages/ad/original/DP-1427-043.jpg,William P. Chappel
https://images.metmuseum.org/CRDImages/ad/original/DP-1427-039.jpg,William P. Chappel
https://images.metmuseum.org/CRDImages/ad/original/DT95.jpg,William Merritt Chase
https://images.metmuseum.org/CRDImages/ad/original/DT226889.jpg,William Merritt Chase
https://images.metmuseum.org/CRDImages/ad/original/DP137144.jpg,William Merritt Chase
https://images.metmuseum.org/CRDImages/ad/original/ap25.131.jpg,William Merritt Chase
https://images.metmuseum.org/CRDImages/ad/original/DP161212.jpg,William Merritt Chase
https://images.metmuseum.org/CRDImages/ad/original/DT12058.jpg,William Merritt Chase
https://images.metmuseum.org/CRDImages/ad/original/ap91.11.jpg,William Merritt Chase
https://images.metmuseum.org/CRDImages/ad/original/DT1543.jpg,William Merritt Chase
https://images.metmuseum.org/CRDImages/ad/original/ap55.118.jpg,William Merritt Chase
https://images.metmuseum.org/CRDImages/ad/original/DT9509.jpg,William Merritt Chase
https://images.metmuseum.org/CRDImages/ad/original/ap37.20.1.jpg,William Merritt Chase
https://images.metmuseum.org/CRDImages/ad/original/DP161207.jpg,William Merritt Chase
https://images.metmuseum.org/CRDImages/ad/original/DP361299.jpg,William Merritt Chase
https://images.metmuseum.org/CRDImages/ad/original/DT58.jpg,John Singleton Copley
https://images.metmuseum.org/CRDImages/ad/original/DT2032.jpg,John Singleton Copley
https://images.metmuseum.org/CRDImages/ad/original/DT214418.jpg,John Singleton Copley
https://images.metmuseum.org/CRDImages/ad/original/DT11882.jpg,John Singleton Copley
https://images.metmuseum.org/CRDImages/ad/original/DT2033.jpg,John Singleton Copley
https://images.metmuseum.org/CRDImages/ad/original/DT2031.jpg,John Singleton Copley
https://images.metmuseum.org/CRDImages/ad/original/ap24.79.jpg,John Singleton Copley
https://images.metmuseum.org/CRDImages/ad/original/DT201337.jpg,John Singleton Copley
https://images.metmuseum.org/CRDImages/ad/original/DP701340.jpg,John Singleton Copley
https://images.metmuseum.org/CRDImages/ad/original/DT207885.jpg,John Singleton Copley
https://images.metmuseum.org/CRDImages/ad/original/DP140862.jpg,John Singleton Copley
https://images.metmuseum.org/CRDImages/ad/original/DT75.jpg,Asher Brown Durand
https://images.metmuseum.org/CRDImages/ad/original/ap77.3.1.jpg,Asher Brown Durand
https://images.metmuseum.org/CRDImages/ad/original/co.ap.95.13.1_1.jpg,Asher Brown Durand
https://images.metmuseum.org/CRDImages/ad/original/ap1977.342.1.jpg,Asher Brown Durand
https://images.metmuseum.org/CRDImages/ad/original/DT1539.jpg,Asher Brown Durand
https://images.metmuseum.org/CRDImages/ad/original/ap63.36.jpg,Asher Brown Durand
https://images.metmuseum.org/CRDImages/ad/original/APS338.jpg,Asher Brown Durand
https://images.metmuseum.org/CRDImages/ad/original/ap1970.58.jpg,Asher Brown Durand
https://images.metmuseum.org/CRDImages/ad/original/DT283604.jpg,Asher Brown Durand
https://images.metmuseum.org/CRDImages/ad/original/ap1977.258.3.jpg,Asher Brown Durand
https://images.metmuseum.org/CRDImages/ad/original/DT221513.jpg,Thomas Eakins
https://images.metmuseum.org/CRDImages/ad/original/DT2037.jpg,Thomas Eakins
https://images.metmuseum.org/CRDImages/ad/original/DT9827.jpg,Thomas Eakins
https://images.metmuseum.org/CRDImages/ad/original/DT1506.jpg,Thomas Eakins
https://images.metmuseum.org/CRDImages/ad/original/ap67.187.206.jpg,Thomas Eakins
https://images.metmuseum.org/CRDImages/ad/original/DT86.jpg,Thomas Eakins
https://images.metmuseum.org/CRDImages/ad/original/APS353.jpg,Thomas Eakins
https://images.metmuseum.org/CRDImages/ad/original/DT395.jpg,Thomas Eakins
https://images.metmuseum.org/CRDImages/ad/original/DT2729.jpg,Thomas Eakins
https://images.metmuseum.org/CRDImages/ad/original/DT102.jpg,Thomas Eakins
https://images.metmuseum.org/CRDImages/ad/original/DT2038.jpg,Thomas Eakins
https://images.metmuseum.org/CRDImages/ad/original/DP-16284-001.jpg,Winslow Homer
https://images.metmuseum.org/CRDImages/ad/original/DT2829.jpg,Winslow Homer
https://images.metmuseum.org/CRDImages/ad/original/ap06.1281.jpg,Winslow Homer
https://images.metmuseum.org/CRDImages/ad/original/DP140859.jpg,Winslow Homer
https://images.metmuseum.org/CRDImages/ad/original/DT517.jpg,Winslow Homer
https://images.metmuseum.org/CRDImages/ad/original/DP140858.jpg,Winslow Homer
https://images.metmuseum.org/CRDImages/ad/original/ap09.26.6.jpg,Winslow Homer
https://images.metmuseum.org/CRDImages/ad/original/ap11.116.1.jpg,Winslow Homer
https://images.metmuseum.org/CRDImages/ad/original/DP232469.jpg,Winslow Homer
https://images.metmuseum.org/CRDImages/ad/original/DT1545.jpg,Winslow Homer
https://images.metmuseum.org/CRDImages/ad/original/DT83.jpg,Winslow Homer
https://images.metmuseum.org/CRDImages/ad/original/DT2053.jpg,Winslow Homer
https://images.metmuseum.org/CRDImages/ad/original/ap67.187.130.jpg,Winslow Homer
https://images.metmuseum.org/CRDImages/ad/original/ap06.1282.jpg,Winslow Homer
https://images.metmuseum.org/CRDImages/ad/original/ap11.57.jpg,Winslow Homer
https://images.metmuseum.org/CRDImages/ad/original/DT1395.jpg,Winslow Homer
https://images.metmuseum.org/CRDImages/ad/original/DP118427.jpg,Winslow Homer
https://images.metmuseum.org/CRDImages/ad/original/DT9826.jpg,Winslow Homer
https://images.metmuseum.org/CRDImages/ad/original/DP102298.jpg,Winslow Homer
https://images.metmuseum.org/CRDImages/ad/original/DP169501.jpg,Daniel Huntington
https://images.metmuseum.org/CRDImages/ad/original/ap92.10.41.jpg,Daniel Huntington
https://images.metmuseum.org/CRDImages/ad/original/ap87.15.78.jpg,Daniel Huntington
https://images.metmuseum.org/CRDImages/ad/original/ap97.35.jpg,Daniel Huntington
https://images.metmuseum.org/CRDImages/ad/original/ap53.76.jpg,Daniel Huntington
https://images.metmuseum.org/CRDImages/ad/original/ap16.68.4.jpg,Daniel Huntington
https://images.metmuseum.org/CRDImages/ad/original/33956.jpg,Daniel Huntington
https://images.metmuseum.org/CRDImages/ad/original/ap25.110.42.jpg,Daniel Huntington
https://images.metmuseum.org/CRDImages/ad/original/ap92.17.jpg,Daniel Huntington
https://images.metmuseum.org/CRDImages/ad/original/DT10714.jpg,George Inness
https://images.metmuseum.org/CRDImages/ad/original/ap87.8.8.jpg,George Inness
https://images.metmuseum.org/CRDImages/ad/original/ap99.27.jpg,George Inness
https://images.metmuseum.org/CRDImages/ad/original/DT2892.jpg,George Inness
https://images.metmuseum.org/CRDImages/ad/original/DT11918.jpg,George Inness
https://images.metmuseum.org/CRDImages/ad/original/DP276951.jpg,George Inness
https://images.metmuseum.org/CRDImages/ad/original/DP159755.jpg,George Inness
https://images.metmuseum.org/CRDImages/ad/original/ap98.16.jpg,George Inness
https://images.metmuseum.org/CRDImages/ad/original/DT98.jpg,George Inness
https://images.metmuseum.org/CRDImages/ad/original/DP232470.jpg,George Inness
https://images.metmuseum.org/CRDImages/ad/original/ap74.29.jpg,John Frederick Kensett
https://images.metmuseum.org/CRDImages/ad/original/APS530.jpg,John Frederick Kensett
https://images.metmuseum.org/CRDImages/ad/original/ap74.39.jpg,John Frederick Kensett
https://images.metmuseum.org/CRDImages/ad/original/DT2891.jpg,John Frederick Kensett
https://images.metmuseum.org/CRDImages/ad/original/DT84.jpg,John Frederick Kensett
https://images.metmuseum.org/CRDImages/ad/original/APS3540.jpg,John Frederick Kensett
https://images.metmuseum.org/CRDImages/ad/original/ap74.11.jpg,John Frederick Kensett
https://images.metmuseum.org/CRDImages/ad/original/ap74.20.jpg,John Frederick Kensett
https://images.metmuseum.org/CRDImages/ad/original/ap74.7.jpg,John Frederick Kensett
https://images.metmuseum.org/CRDImages/ad/original/ap74.6.jpg,John Frederick Kensett
https://images.metmuseum.org/CRDImages/ad/original/ap74.25.jpg,John Frederick Kensett
https://images.metmuseum.org/CRDImages/ad/original/ap74.38.jpg,John Frederick Kensett
https://images.metmuseum.org/CRDImages/ad/original/ap74.27.jpg,John Frederick Kensett
https://images.metmuseum.org/CRDImages/ad/original/ap74.28.jpg,John Frederick Kensett
https://images.metmuseum.org/CRDImages/ad/original/ap74.35.jpg,John Frederick Kensett
https://images.metmuseum.org/CRDImages/ad/original/ap74.13.jpg,John Frederick Kensett
https://images.metmuseum.org/CRDImages/ad/original/ap25.110.5.jpg,John Frederick Kensett
https://images.metmuseum.org/CRDImages/ad/original/ap74.37.jpg,John Frederick Kensett
https://images.metmuseum.org/CRDImages/ad/original/DT226485.jpg,John Frederick Kensett
https://images.metmuseum.org/CRDImages/ad/original/ap74.30.jpg,John Frederick Kensett
https://images.metmuseum.org/CRDImages/ad/original/ap74.4.jpg,John Frederick Kensett
https://images.metmuseum.org/CRDImages/ad/original/ap74.24.jpg,John Frederick Kensett
https://images.metmuseum.org/CRDImages/ad/original/DT6007.jpg,Albert Pinkham Ryder
https://images.metmuseum.org/CRDImages/ad/original/ap09.72.8.jpg,Albert Pinkham Ryder
https://images.metmuseum.org/CRDImages/ad/original/DT2945.jpg,Albert Pinkham Ryder
https://images.metmuseum.org/CRDImages/ad/original/DT240272.jpg,Albert Pinkham Ryder
https://images.metmuseum.org/CRDImages/ad/original/ap52.199.jpg,Albert Pinkham Ryder
https://images.metmuseum.org/CRDImages/ad/original/DT240273.jpg,Albert Pinkham Ryder
https://images.metmuseum.org/CRDImages/ad/original/DP-18856-001.jpg,Albert Pinkham Ryder
https://images.metmuseum.org/CRDImages/ad/original/DT228023.jpg,Albert Pinkham Ryder
https://images.metmuseum.org/CRDImages/ad/original/ap08.90.jpg,Gilbert Stuart
https://images.metmuseum.org/CRDImages/ad/original/ap24.109.84.jpg,Gilbert Stuart
https://images.metmuseum.org/CRDImages/ad/original/ap81.12.jpg,Gilbert Stuart
https://images.metmuseum.org/CRDImages/ad/original/ap1986.264.1.jpg,Gilbert Stuart
https://images.metmuseum.org/CRDImages/ad/original/ap88.18.jpg,Gilbert Stuart
https://images.metmuseum.org/CRDImages/ad/original/ap43.86.1.jpg,Gilbert Stuart
https://images.metmuseum.org/CRDImages/ad/original/DP208350.jpg,Gilbert Stuart
https://images.metmuseum.org/CRDImages/ad/original/DT2041.jpg,Gilbert Stuart
https://images.metmuseum.org/CRDImages/ad/original/DT2039.jpg,Gilbert Stuart
https://images.metmuseum.org/CRDImages/ad/original/ap50.213.jpg,Gilbert Stuart
https://images.metmuseum.org/CRDImages/ad/original/DT2042.jpg,Gilbert Stuart
https://images.metmuseum.org/CRDImages/ad/original/DP105036.jpg,Gilbert Stuart
https://images.metmuseum.org/CRDImages/ad/original/DT11172.jpg,Gilbert Stuart
https://images.metmuseum.org/CRDImages/ad/original/ap50.145.37.jpg,Gilbert Stuart
https://images.metmuseum.org/CRDImages/ad/original/DT2043.jpg,Gilbert Stuart
https://images.metmuseum.org/CRDImages/ad/original/ap38.61.jpg,Gilbert Stuart
https://images.metmuseum.org/CRDImages/ad/original/ap1978.380.jpg,Gilbert Stuart
https://images.metmuseum.org/CRDImages/ad/original/DP105035.jpg,Gilbert Stuart
https://images.metmuseum.org/CRDImages/ad/original/DT11749.jpg,Gilbert Stuart
https://images.metmuseum.org/CRDImages/ad/original/188982.jpg,Gilbert Stuart
https://images.metmuseum.org/CRDImages/ad/original/DT240957.jpg,Gilbert Stuart
https://images.metmuseum.org/CRDImages/ad/original/ap43.86.2.jpg,Gilbert Stuart
https://images.metmuseum.org/CRDImages/ad/original/ap94.23.2.jpg,Thomas Sully
https://images.metmuseum.org/CRDImages/ad/original/DT236871.jpg,Thomas Sully
https://images.metmuseum.org/CRDImages/ad/original/DT11612.jpg,Thomas Sully
https://images.metmuseum.org/CRDImages/ad/original/ap54.181%20recto.jpg,Thomas Sully
https://images.metmuseum.org/CRDImages/ad/original/ap37.130.jpg,Thomas Sully
https://images.metmuseum.org/CRDImages/ad/original/DT236872.jpg,Thomas Sully
https://images.metmuseum.org/CRDImages/ad/original/ap06.178.jpg,Thomas Sully
https://images.metmuseum.org/CRDImages/ad/original/DT219411.jpg,Thomas Sully
https://images.metmuseum.org/CRDImages/ad/original/ap94.23.3.jpg,Thomas Sully
https://images.metmuseum.org/CRDImages/ad/original/DT5422.jpg,Thomas Sully
https://images.metmuseum.org/CRDImages/ad/original/DT275484.jpg,Thomas Sully
https://images.metmuseum.org/CRDImages/ad/original/ap14.126.3.jpg,Thomas Sully
https://images.metmuseum.org/CRDImages/ad/original/DT5420.jpg,Thomas Sully
https://images.metmuseum.org/CRDImages/ad/original/ap94.23.1.jpg,Thomas Sully
https://images.metmuseum.org/CRDImages/ad/original/ap32.67.1.jpg,Albert Pinkham Ryder
https://images.metmuseum.org/CRDImages/ad/original/DT62.jpg,Gilbert Stuart
https://images.metmuseum.org/CRDImages/ad/original/DT2040.jpg,Gilbert Stuart
https://images.metmuseum.org/CRDImages/ad/original/2002.612.jpg,John Singleton Copley
https://images.metmuseum.org/CRDImages/ad/original/2002.611.jpg,John Singleton Copley
https://images.metmuseum.org/CRDImages/ad/original/DP136861.jpg,Gilbert Stuart
https://images.metmuseum.org/CRDImages/ad/original/DP141217.jpg,Daniel Huntington
https://images.metmuseum.org/CRDImages/ad/original/DP218093.jpg,Gilbert Stuart
https://images.metmuseum.org/CRDImages/as/original/1996_45.JPG,Unidentified Artist
https://images.metmuseum.org/CRDImages/as/original/ASA38.jpg,Unidentified Artist
https://images.metmuseum.org/CRDImages/as/original/69_100.jpg,Unidentified Artist
https://images.metmuseum.org/CRDImages/as/original/14_140_5_F_sf.jpg,Kano Shōun
https://images.metmuseum.org/CRDImages/as/original/14_140_6_F_sf.jpg,Kano Shōun
https://images.metmuseum.org/CRDImages/as/original/14_140_7_F_sf.jpg,Kano Shōun
https://images.metmuseum.org/CRDImages/as/original/14_140_8_F_sf.jpg,Kano Shōun
https://images.metmuseum.org/CRDImages/as/original/14_140_9_F_sf.jpg,Kano Shōun
https://images.metmuseum.org/CRDImages/as/original/14_140_11_F_sf.jpg,Kano Shōun
https://images.metmuseum.org/CRDImages/as/original/14_140_12_F_sf.jpg,Kano Shōun
https://images.metmuseum.org/CRDImages/as/original/14_140_13_F_sf.jpg,Kano Shōun
https://images.metmuseum.org/CRDImages/as/original/14_140_14_F_sf.jpg,Kano Shōun
https://images.metmuseum.org/CRDImages/as/original/14_140_15_F_sf.jpg,Kano Shōun
https://images.metmuseum.org/CRDImages/as/original/14_140_16_F_sf.jpg,Kano Shōun
https://images.metmuseum.org/CRDImages/as/original/14_140_17_F_sf.jpg,Kano Shōun
https://images.metmuseum.org/CRDImages/as/original/14_140_18_F_sf.jpg,Kano Shōun
https://images.metmuseum.org/CRDImages/as/original/14_140_19_F_sf.jpg,Kano Shōun
https://images.metmuseum.org/CRDImages/as/original/14_140_20_F_sf.jpg,Kano Shōun
https://images.metmuseum.org/CRDImages/as/original/14_140_21_F_sf.jpg,Kano Shōun
https://images.metmuseum.org/CRDImages/as/original/14_140_22_F_sf.jpg,Kano Shōun
https://images.metmuseum.org/CRDImages/as/original/51_39_5_149653.JPG,Unidentified Artist
https://images.metmuseum.org/CRDImages/as/original/42_150_1.jpg,Unidentified Artist
https://images.metmuseum.org/CRDImages/as/original/DP162877.jpg,Unidentified Artist
https://images.metmuseum.org/CRDImages/as/original/55_155_1_O2_sf.jpg,Unidentified Artist
https://images.metmuseum.org/CRDImages/as/original/19_103_4_O_sf.jpg,Unidentified Artist
https://images.metmuseum.org/CRDImages/as/original/19_31.JPG,Unidentified Artist
https://images.metmuseum.org/CRDImages/as/original/19_103_3.JPG,Unidentified Artist
https://images.metmuseum.org/CRDImages/as/original/DP205524.jpg,Shibata Zeshin
https://images.metmuseum.org/CRDImages/as/original/DP205526.jpg,Shibata Zeshin
https://images.metmuseum.org/CRDImages/as/original/DP205527.jpg,Shibata Zeshin
https://images.metmuseum.org/CRDImages/as/original/DP205529.jpg,Shibata Zeshin
https://images.metmuseum.org/CRDImages/as/original/DP205530.jpg,Shibata Zeshin
https://images.metmuseum.org/CRDImages/as/original/DP205531.jpg,Shibata Zeshin
https://images.metmuseum.org/CRDImages/as/original/DP205532.jpg,Shibata Zeshin
https://images.metmuseum.org/CRDImages/as/original/DP205533.jpg,Shibata Zeshin
https://images.metmuseum.org/CRDImages/as/original/38_106_5_115889.jpg,Hokusai School
https://images.metmuseum.org/CRDImages/as/original/38_106_6_115890.jpg,Hokusai School
https://images.metmuseum.org/CRDImages/as/original/38_106_7_115891.jpg,Hokusai School
https://images.metmuseum.org/CRDImages/as/original/38_106_1_115885.jpg,Hokusai School
https://images.metmuseum.org/CRDImages/as/original/64_31_1_179612.jpg,Shibata Zeshin
https://images.metmuseum.org/CRDImages/as/original/LC-64_31_2_001.jpg,Shibata Zeshin
https://images.metmuseum.org/CRDImages/as/original/56_124_1_O1.jpg,Shibata Zeshin
https://images.metmuseum.org/CRDImages/as/original/56_124_2_O1.jpg,Shibata Zeshin
https://images.metmuseum.org/CRDImages/as/original/56_124_3_O1.jpg,Shibata Zeshin
https://images.metmuseum.org/CRDImages/as/original/56_124_4_O1.jpg,Shibata Zeshin
https://images.metmuseum.org/CRDImages/as/original/56_124_5_O1.jpg,Shibata Zeshin
https://images.metmuseum.org/CRDImages/as/original/38_106_3_115887.jpg,Hokusai School
https://images.metmuseum.org/CRDImages/as/original/DP-1310-001.jpg,Hokusai School
https://images.metmuseum.org/CRDImages/as/original/38_106_8_115892.jpg,Hokusai School
https://images.metmuseum.org/CRDImages/as/original/38_106_9_115893.jpg,Hokusai School
https://images.metmuseum.org/CRDImages/as/original/38_106_10_115894.jpg,Hokusai School
https://images.metmuseum.org/CRDImages/as/original/38_106_11_115895.jpg,Hokusai School
https://images.metmuseum.org/CRDImages/as/original/38_106_12_115896.jpg,Hokusai School
https://images.metmuseum.org/CRDImages/as/original/38_106_13_115897.jpg,Hokusai School
https://images.metmuseum.org/CRDImages/as/original/38_106_14_115898.jpg,Hokusai School
https://images.metmuseum.org/CRDImages/as/original/38_106_15_115899.jpg,Hokusai School
https://images.metmuseum.org/CRDImages/as/original/38_106_16_115900.jpg,Hokusai School
https://images.metmuseum.org/CRDImages/ep/original/DP-409-001.jpg,François Boucher
https://images.metmuseum.org/CRDImages/ep/original/DP-414-001.jpg,François Boucher
https://images.metmuseum.org/CRDImages/ep/original/DP259112.jpg,François Boucher
https://images.metmuseum.org/CRDImages/ep/original/DP259113.jpg,François Boucher
https://images.metmuseum.org/CRDImages/ep/original/DP339914.jpg,François Boucher
https://images.metmuseum.org/CRDImages/ep/original/DP337751.jpg,François Boucher
https://images.metmuseum.org/CRDImages/ep/original/DP123935.jpg,François Boucher
https://images.metmuseum.org/CRDImages/ep/original/DP259114.jpg,François Boucher
https://images.metmuseum.org/CRDImages/ep/original/DP259119.jpg,François Boucher
https://images.metmuseum.org/CRDImages/ep/original/DP339911.jpg,François Boucher
https://images.metmuseum.org/CRDImages/ep/original/DT1940.jpg,Paul Cézanne
https://images.metmuseum.org/CRDImages/ep/original/DT1554.jpg,Paul Cézanne
https://images.metmuseum.org/CRDImages/ep/original/DP231550.jpg,Paul Cézanne
https://images.metmuseum.org/CRDImages/ep/original/DT1977.jpg,Paul Cézanne
https://images.metmuseum.org/CRDImages/ep/original/DT1408.jpg,Paul Cézanne
https://images.metmuseum.org/CRDImages/ep/original/DP-14936-047.jpg,Paul Cézanne
https://images.metmuseum.org/CRDImages/ep/original/DT1029.jpg,Paul Cézanne
https://images.metmuseum.org/CRDImages/ep/original/DT1938.jpg,Paul Cézanne
https://images.metmuseum.org/CRDImages/ep/original/DT1943.jpg,Paul Cézanne
https://images.metmuseum.org/CRDImages/ep/original/DP317780.jpg,Paul Cézanne
https://images.metmuseum.org/CRDImages/ep/original/DP320128.jpg,Paul Cézanne
https://images.metmuseum.org/CRDImages/ep/original/DP-20099-001.jpg,Paul Cézanne
https://images.metmuseum.org/CRDImages/ep/original/77J_045R2M.jpg,Paul Cézanne
https://images.metmuseum.org/CRDImages/ep/original/DT1492.jpg,Paul Cézanne
https://images.metmuseum.org/CRDImages/ep/original/DT1942.jpg,Paul Cézanne
https://images.metmuseum.org/CRDImages/ep/original/DP-20100-001.jpg,Paul Cézanne
https://images.metmuseum.org/CRDImages/ep/original/DT47.jpg,Paul Cézanne
https://images.metmuseum.org/CRDImages/ep/original/DP-14936-049.jpg,Paul Cézanne
https://images.metmuseum.org/CRDImages/ep/original/DP130322.jpg,Paul Cézanne
https://images.metmuseum.org/CRDImages/ep/original/DT1937.jpg,Paul Cézanne
https://images.metmuseum.org/CRDImages/ep/original/ep49.110.R.jpg,French Painter
https://images.metmuseum.org/CRDImages/ep/original/DP-13588-001.jpg,Corneille de Lyon
https://images.metmuseum.org/CRDImages/ep/original/DP102428.jpg,Corneille de Lyon
https://images.metmuseum.org/CRDImages/ep/original/ep49.7.44.bw.R.jpg,Corneille de Lyon
https://images.metmuseum.org/CRDImages/ep/original/ep32.100.103.bw.R.jpg,Corneille de Lyon
https://images.metmuseum.org/CRDImages/ep/original/DP-13587-001.jpg,Corneille de Lyon
https://images.metmuseum.org/CRDImages/ep/original/ep1978.301.7.bw.R.jpg,Corneille de Lyon
https://images.metmuseum.org/CRDImages/ep/original/DT8871.jpg,Corneille de Lyon
https://images.metmuseum.org/CRDImages/ep/original/DP365508.jpg,Corneille de Lyon
https://images.metmuseum.org/CRDImages/ep/original/ep32.100.121.bw.R.jpg,Corneille de Lyon
https://images.metmuseum.org/CRDImages/ep/original/EP1549.jpg,Corneille de Lyon
https://images.metmuseum.org/CRDImages/ep/original/EP1548.jpg,Corneille de Lyon
https://images.metmuseum.org/CRDImages/ep/original/DP365507.jpg,Corneille de Lyon
https://images.metmuseum.org/CRDImages/ep/original/DP-19432-001.jpg,Corneille de Lyon
https://images.metmuseum.org/CRDImages/ep/original/ep41.190.533.bw.R.jpg,Corneille de Lyon
https://images.metmuseum.org/CRDImages/ep/original/ep22.60.63.bw.R.jpg,Corneille de Lyon
https://images.metmuseum.org/CRDImages/ep/original/ep30.95.286.bw.R.jpg,Corneille de Lyon
https://images.metmuseum.org/CRDImages/ep/original/ep32.100.113.bw.R.jpg,Corneille de Lyon
https://images.metmuseum.org/CRDImages/ep/original/DT2017.jpg,Camille Corot
https://images.metmuseum.org/CRDImages/ep/original/DT2013.jpg,Camille Corot
https://images.metmuseum.org/CRDImages/ep/original/DP-16590-001.jpg,Camille Corot
https://images.metmuseum.org/CRDImages/ep/original/DP-16064-001.jpg,Camille Corot
https://images.metmuseum.org/CRDImages/ep/original/ep29.100.598.R.jpg,Camille Corot
https://images.metmuseum.org/CRDImages/ep/original/DP332566.jpg,Camille Corot
https://images.metmuseum.org/CRDImages/ep/original/DT2014.jpg,Camille Corot
https://images.metmuseum.org/CRDImages/ep/original/DT225534.jpg,Camille Corot
https://images.metmuseum.org/CRDImages/ep/original/ep14.40.811.R.jpg,Camille Corot
https://images.metmuseum.org/CRDImages/ep/original/DP-13143-001_cropped.jpg,Camille Corot
https://images.metmuseum.org/CRDImages/ep/original/DT10697.jpg,Camille Corot
https://images.metmuseum.org/CRDImages/ep/original/DP332562.jpg,Camille Corot
https://images.metmuseum.org/CRDImages/ep/original/DT2129.jpg,Camille Corot
https://images.metmuseum.org/CRDImages/ep/original/DT2008.jpg,Camille Corot
https://images.metmuseum.org/CRDImages/ep/original/DP-16591-001.jpg,Camille Corot
https://images.metmuseum.org/CRDImages/ep/original/DP-16065-001.jpg,Camille Corot
https://images.metmuseum.org/CRDImages/ep/original/DT872.jpg,Camille Corot
https://images.metmuseum.org/CRDImages/ep/original/DT2010.jpg,Camille Corot
https://images.metmuseum.org/CRDImages/ep/original/DP-14936-055.jpg,Camille Corot
https://images.metmuseum.org/CRDImages/ep/original/DP-16592-001.jpg,Camille Corot
https://images.metmuseum.org/CRDImages/ep/original/DT2018.jpg,Camille Corot
https://images.metmuseum.org/CRDImages/ep/original/DT9008.jpg,Camille Corot
https://images.metmuseum.org/CRDImages/ep/original/DT2139.jpg,Camille Corot
https://images.metmuseum.org/CRDImages/ep/original/DP-19283-001.jpg,Camille Corot
https://images.metmuseum.org/CRDImages/ep/original/ep21.70.4.R.jpg,Camille Corot
https://images.metmuseum.org/CRDImages/ep/original/DP124091.jpg,Camille Corot
https://images.metmuseum.org/CRDImages/ep/original/DP-16589-001.jpg,Camille Corot
https://images.metmuseum.org/CRDImages/ep/original/DP-17408-001.jpg,Gustave Courbet
https://images.metmuseum.org/CRDImages/ep/original/DT1909.jpg,Gustave Courbet
https://images.metmuseum.org/CRDImages/ep/original/DP-17680-001.jpg,Gustave Courbet
https://images.metmuseum.org/CRDImages/ep/original/DP-15681-001.jpg,Gustave Courbet
https://images.metmuseum.org/CRDImages/ep/original/DT887.jpg,Gustave Courbet
https://images.metmuseum.org/CRDImages/ep/original/DT1973.jpg,Gustave Courbet
https://images.metmuseum.org/CRDImages/ep/original/DT1965.jpg,Gustave Courbet
https://images.metmuseum.org/CRDImages/ep/original/DT1963.jpg,Gustave Courbet
https://images.metmuseum.org/CRDImages/ep/original/DT1958.jpg,Gustave Courbet
https://images.metmuseum.org/CRDImages/ep/original/DP302937.jpg,Gustave Courbet
https://images.metmuseum.org/CRDImages/ep/original/DP302942.jpg,Gustave Courbet
https://images.metmuseum.org/CRDImages/ep/original/EP1059.jpg,Gustave Courbet
https://images.metmuseum.org/CRDImages/ep/original/DP-14936-031.jpg,Gustave Courbet
https://images.metmuseum.org/CRDImages/ep/original/DP290289.jpg,Gustave Courbet
https://images.metmuseum.org/CRDImages/ep/original/DT1961.jpg,Gustave Courbet
https://images.metmuseum.org/CRDImages/ep/original/DT1975.jpg,Gustave Courbet
https://images.metmuseum.org/CRDImages/ep/original/DT1960.jpg,Gustave Courbet
https://images.metmuseum.org/CRDImages/ep/original/DT1962.jpg,Gustave Courbet
https://images.metmuseum.org/CRDImages/ep/original/DP-1275-001.jpg,Gustave Courbet
https://images.metmuseum.org/CRDImages/ep/original/DT1968.jpg,Gustave Courbet
https://images.metmuseum.org/CRDImages/ep/original/DP302935.jpg,Gustave Courbet
https://images.metmuseum.org/CRDImages/ep/original/DT1966.jpg,Gustave Courbet
https://images.metmuseum.org/CRDImages/ep/original/DP124050.jpg,Gustave Courbet
https://images.metmuseum.org/CRDImages/ep/original/DT1964.jpg,Gustave Courbet
https://images.metmuseum.org/CRDImages/ep/original/DT2147.jpg,Gustave Courbet
https://images.metmuseum.org/CRDImages/ep/original/DT1976.jpg,Gustave Courbet
https://images.metmuseum.org/CRDImages/ep/original/ep29.100.121.bw.R.jpg,Gustave Courbet
https://images.metmuseum.org/CRDImages/ep/original/ep29.100.123.bw.R.jpg,Gustave Courbet
https://images.metmuseum.org/CRDImages/ep/original/ep29.100.119.bw.R.jpg,Gustave Courbet
https://images.metmuseum.org/CRDImages/ep/original/DP278979.jpg,Lucas Cranach the Elder
https://images.metmuseum.org/CRDImages/ep/original/DP280918.jpg,Lucas Cranach the Elder
https://images.metmuseum.org/CRDImages/ep/original/DP280358.jpg,Lucas Cranach the Elder
https://images.metmuseum.org/CRDImages/ep/original/DP280784.jpg,Lucas Cranach the Elder
https://images.metmuseum.org/CRDImages/ep/original/DP159770.jpg,Lucas Cranach the Elder
https://images.metmuseum.org/CRDImages/ep/original/DP280790.jpg,Lucas Cranach the Elder
https://images.metmuseum.org/CRDImages/ep/original/DP159774.jpg,Lucas Cranach the Elder
https://images.metmuseum.org/CRDImages/ep/original/DP280356.jpg,Lucas Cranach the Elder
https://images.metmuseum.org/CRDImages/ep/original/DP280788.jpg,Lucas Cranach the Elder
https://images.metmuseum.org/CRDImages/ep/original/DP280599.jpg,Lucas Cranach the Elder
https://images.metmuseum.org/CRDImages/ep/original/DP159769.jpg,Lucas Cranach the Elder
https://images.metmuseum.org/CRDImages/ep/original/DP-19019-001.jpg,Charles-François Daubigny
https://images.metmuseum.org/CRDImages/ep/original/DP-19584-001.jpg,Charles-François Daubigny
https://images.metmuseum.org/CRDImages/ep/original/DP-19020-001.jpg,Charles-François Daubigny
https://images.metmuseum.org/CRDImages/ep/original/DT1981.jpg,Charles-François Daubigny
https://images.metmuseum.org/CRDImages/ep/original/DT2145.jpg,Charles-François Daubigny
https://images.metmuseum.org/CRDImages/ep/original/DP-19626-001.jpg,Charles-François Daubigny
https://images.metmuseum.org/CRDImages/ep/original/DP-19017-001.jpg,Charles-François Daubigny
https://images.metmuseum.org/CRDImages/ep/original/DT332111.jpg,Charles-François Daubigny
https://images.metmuseum.org/CRDImages/ep/original/DT2146.jpg,Charles-François Daubigny
https://images.metmuseum.org/CRDImages/ep/original/EP1004.jpg,Edgar Degas
https://images.metmuseum.org/CRDImages/ep/original/DT1566.jpg,Edgar Degas
https://images.metmuseum.org/CRDImages/ep/original/DT1920.jpg,Edgar Degas
https://images.metmuseum.org/CRDImages/ep/original/DT1911.jpg,Edgar Degas
https://images.metmuseum.org/CRDImages/ep/original/DP275510.jpg,Edgar Degas
https://images.metmuseum.org/CRDImages/ep/original/DT840.jpg,Edgar Degas
https://images.metmuseum.org/CRDImages/ep/original/DP-14936-033.jpg,Edgar Degas
https://images.metmuseum.org/CRDImages/ep/original/DT1564.jpg,Edgar Degas
https://images.metmuseum.org/CRDImages/ep/original/DT2117.jpg,Edgar Degas
https://images.metmuseum.org/CRDImages/ep/original/DT204709.jpg,Edgar Degas
https://images.metmuseum.org/CRDImages/ep/original/DT2156.jpg,Edgar Degas
https://images.metmuseum.org/CRDImages/ep/original/DT267444.jpg,Edgar Degas
https://images.metmuseum.org/CRDImages/ep/original/DT1912.jpg,Edgar Degas
https://images.metmuseum.org/CRDImages/ep/original/DT297552.jpg,Edgar Degas
https://images.metmuseum.org/CRDImages/ep/original/DT1918.jpg,Edgar Degas
https://images.metmuseum.org/CRDImages/ep/original/DT6944.jpg,Edgar Degas
https://images.metmuseum.org/CRDImages/ep/original/DT1910.jpg,Edgar Degas
https://images.metmuseum.org/CRDImages/ep/original/DT5475.jpg,Anthony van Dyck
https://images.metmuseum.org/CRDImages/ep/original/DT31.jpg,Anthony van Dyck
https://images.metmuseum.org/CRDImages/ep/original/DP361123.jpg,Anthony van Dyck
https://images.metmuseum.org/CRDImages/ep/original/DP-17538-001.jpg,Anthony van Dyck
https://images.metmuseum.org/CRDImages/ep/original/DT2821.jpg,Anthony van Dyck
https://images.metmuseum.org/CRDImages/ep/original/DP-18296-037.jpg,Anthony van Dyck
https://images.metmuseum.org/CRDImages/ep/original/DP120563.jpg,Anthony van Dyck
https://images.metmuseum.org/CRDImages/ep/original/DP-18296-015.jpg,Anthony van Dyck
https://images.metmuseum.org/CRDImages/ep/original/ep51.33.1.R.jpg,Anthony van Dyck
https://images.metmuseum.org/CRDImages/ep/original/DT5286.jpg,Anthony van Dyck
https://images.metmuseum.org/CRDImages/ep/original/DT1484.jpg,Netherlandish Painter
https://images.metmuseum.org/CRDImages/ep/original/DT8649.jpg,Henri Fantin-Latour
https://images.metmuseum.org/CRDImages/ep/original/DT1980.jpg,Henri Fantin-Latour
https://images.metmuseum.org/CRDImages/ep/original/DT1576.jpg,Henri Fantin-Latour
https://images.metmuseum.org/CRDImages/ep/original/DP265190.jpg,Henri Fantin-Latour
https://images.metmuseum.org/CRDImages/ep/original/DP-2943.001.jpg,Henri Fantin-Latour
https://images.metmuseum.org/CRDImages/ep/original/DT1979.jpg,Henri Fantin-Latour
https://images.metmuseum.org/CRDImages/ep/original/DP345572.jpg,French Painter
https://images.metmuseum.org/CRDImages/ep/original/ep32.100.114.bw.R.jpg,French Painter
https://images.metmuseum.org/CRDImages/ep/original/ep22.60.46.bw.R.jpg,French Painter
https://images.metmuseum.org/CRDImages/ep/original/ep32.100.104.bw.R.jpg,French Painter
https://images.metmuseum.org/CRDImages/ep/original/ep17.190.4.bw.R.jpg,French Painter
https://images.metmuseum.org/CRDImages/ep/original/ep67.55.2.bw.R.jpg,French Painter
https://images.metmuseum.org/CRDImages/ep/original/DP-20646-001.jpg,French Painter
https://images.metmuseum.org/CRDImages/ep/original/DT1577.jpg,French Painter
https://images.metmuseum.org/CRDImages/ep/original/ep48.187.732.bw.R.jpg,French Painter
https://images.metmuseum.org/CRDImages/ep/original/ep48.187.731.bw.R.jpg,French Painter
https://images.metmuseum.org/CRDImages/ep/original/1935.jpg,French Painter
https://images.metmuseum.org/CRDImages/ep/original/ep48.187.734.bw.R.jpg,French Painter
https://images.metmuseum.org/CRDImages/ep/original/ep52.71.R.jpg,French Painter
https://images.metmuseum.org/CRDImages/ep/original/ep48.187.735.bw.R.jpg,French Painter
https://images.metmuseum.org/CRDImages/ep/original/ep77.6.bw.R.jpg,French Painter
https://images.metmuseum.org/CRDImages/ep/original/DP162157.jpg,Thomas Gainsborough
https://images.metmuseum.org/CRDImages/ep/original/DP162155.jpg,Thomas Gainsborough
https://images.metmuseum.org/CRDImages/ep/original/DP169648.jpg,Thomas Gainsborough
https://images.metmuseum.org/CRDImages/ep/original/DP162180.jpg,Thomas Gainsborough
https://images.metmuseum.org/CRDImages/ep/original/DP169214.jpg,Thomas Gainsborough
https://images.metmuseum.org/CRDImages/ep/original/DP162167.jpg,Thomas Gainsborough
https://images.metmuseum.org/CRDImages/ep/original/DP162162.jpg,Thomas Gainsborough
https://images.metmuseum.org/CRDImages/ep/original/DP162145.jpg,Thomas Gainsborough
https://images.metmuseum.org/CRDImages/ep/original/DP169640.jpg,Thomas Gainsborough
https://images.metmuseum.org/CRDImages/ep/original/DP123922.jpg,Thomas Gainsborough
https://images.metmuseum.org/CRDImages/ep/original/DP169391.jpg,Thomas Gainsborough
https://images.metmuseum.org/CRDImages/ep/original/DT1342.jpg,Paul Gauguin
https://images.metmuseum.org/CRDImages/ep/original/DP123847.jpg,Paul Gauguin
https://images.metmuseum.org/CRDImages/ep/original/DT1952.jpg,Paul Gauguin
https://images.metmuseum.org/CRDImages/ep/original/DT1501.jpg,Paul Gauguin
https://images.metmuseum.org/CRDImages/ep/original/DP-14936-043.jpg,Paul Gauguin
https://images.metmuseum.org/CRDImages/ep/original/DT2580.jpg,Giovanni di Paolo (Giovanni di Paolo di Grazia)
https://images.metmuseum.org/CRDImages/ep/original/DT269020.jpg,Giovanni di Paolo (Giovanni di Paolo di Grazia)
https://images.metmuseum.org/CRDImages/ep/original/DP-16597-001.jpg,Giovanni di Paolo (Giovanni di Paolo di Grazia)
https://images.metmuseum.org/CRDImages/ep/original/DP-19499-001.jpg,Giovanni di Paolo (Giovanni di Paolo di Grazia)
https://images.metmuseum.org/CRDImages/ep/original/DP229743.jpg,Vincent van Gogh
https://images.metmuseum.org/CRDImages/ep/original/DT7098.jpg,Vincent van Gogh
https://images.metmuseum.org/CRDImages/ep/original/DP124808.jpg,Vincent van Gogh
https://images.metmuseum.org/CRDImages/ep/original/DP-14936-045.jpg,Vincent van Gogh
https://images.metmuseum.org/CRDImages/ep/original/DP346474.jpg,Vincent van Gogh
https://images.metmuseum.org/CRDImages/ep/original/DT1396.jpg,Vincent van Gogh
https://images.metmuseum.org/CRDImages/ep/original/DT1494.jpg,Vincent van Gogh
https://images.metmuseum.org/CRDImages/ep/original/DT2163.jpg,Vincent van Gogh
https://images.metmuseum.org/CRDImages/ep/original/DT1502_cropped2.jpg,Vincent van Gogh
https://images.metmuseum.org/CRDImages/ep/original/DT1947.jpg,Vincent van Gogh
https://images.metmuseum.org/CRDImages/ep/original/DP346475.jpg,Vincent van Gogh
https://images.metmuseum.org/CRDImages/ep/original/DT1567.jpg,Vincent van Gogh
https://images.metmuseum.org/CRDImages/ep/original/DP-17161-001.jpg,Vincent van Gogh
https://images.metmuseum.org/CRDImages/ep/original/DT2776.jpg,Goya (Francisco de Goya y Lucientes)
https://images.metmuseum.org/CRDImages/ep/original/DT11822.jpg,Goya (Francisco de Goya y Lucientes)
https://images.metmuseum.org/CRDImages/ep/original/DT11823.jpg,Goya (Francisco de Goya y Lucientes)
https://images.metmuseum.org/CRDImages/ep/original/DP295718.jpg,Goya (Francisco de Goya y Lucientes)
https://images.metmuseum.org/CRDImages/ep/original/DP287624.jpg,Goya (Francisco de Goya y Lucientes)
https://images.metmuseum.org/CRDImages/ep/original/DP123853.jpg,Goya (Francisco de Goya y Lucientes)
https://images.metmuseum.org/CRDImages/ep/original/DT236254.jpg,Goya (Francisco de Goya y Lucientes)
https://images.metmuseum.org/CRDImages/ep/original/DP-20750-001.jpg,Goya (Francisco de Goya y Lucientes)
https://images.metmuseum.org/CRDImages/ep/original/DT513.jpg,Goya (Francisco de Goya y Lucientes)
https://images.metmuseum.org/CRDImages/ep/original/DP-18296-023.jpg,Francesco Guardi
https://images.metmuseum.org/CRDImages/ep/original/DT4562.jpg,Francesco Guardi
https://images.metmuseum.org/CRDImages/ep/original/DT9351.jpg,Francesco Guardi
https://images.metmuseum.org/CRDImages/ep/original/DP-14936-015.jpg,Francesco Guardi
https://images.metmuseum.org/CRDImages/ep/original/DT1384.jpg,Francesco Guardi
https://images.metmuseum.org/CRDImages/ep/original/ep71.120.bw.R.jpg,Francesco Guardi
https://images.metmuseum.org/CRDImages/ep/original/DP124053.jpg,Francesco Guardi
https://images.metmuseum.org/CRDImages/ep/original/DT8847.jpg,Francesco Guardi
https://images.metmuseum.org/CRDImages/ep/original/DT8848.jpg,Francesco Guardi
https://images.metmuseum.org/CRDImages/ep/original/DP145899.jpg,Frans Hals
https://images.metmuseum.org/CRDImages/ep/original/DP145927.jpg,Frans Hals
https://images.metmuseum.org/CRDImages/ep/original/DP171420.jpg,Frans Hals
https://images.metmuseum.org/CRDImages/ep/original/DP247208.jpg,Frans Hals
https://images.metmuseum.org/CRDImages/ep/original/DP146480.jpg,Frans Hals
https://images.metmuseum.org/CRDImages/ep/original/DP124055.jpg,Frans Hals
https://images.metmuseum.org/CRDImages/ep/original/DP145901.jpg,Frans Hals
https://images.metmuseum.org/CRDImages/ep/original/DP146458.jpg,Frans Hals
https://images.metmuseum.org/CRDImages/ep/original/DP143203.jpg,Frans Hals
https://images.metmuseum.org/CRDImages/ep/original/DP146499.jpg,Frans Hals
https://images.metmuseum.org/CRDImages/ep/original/DP145900.jpg,Frans Hals
https://images.metmuseum.org/CRDImages/ep/original/DP251935.jpg,Frans Hals
https://images.metmuseum.org/CRDImages/ep/original/DP145941.jpg,Frans Hals
https://images.metmuseum.org/CRDImages/ep/original/DP280366.jpg,Hans Holbein the Younger
https://images.metmuseum.org/CRDImages/ep/original/DP164836.jpg,Hans Holbein the Younger
https://images.metmuseum.org/CRDImages/ep/original/DP280854.jpg,Hans Holbein the Younger
https://images.metmuseum.org/CRDImages/ep/original/DP280848.jpg,Hans Holbein the Younger
https://images.metmuseum.org/CRDImages/ep/original/DP164800.jpg,Hans Holbein the Younger
https://images.metmuseum.org/CRDImages/ep/original/DP349558.jpg,Hans Holbein the Younger
https://images.metmuseum.org/CRDImages/ep/original/DP280856.jpg,Hans Holbein the Younger
https://images.metmuseum.org/CRDImages/ep/original/DP278970.jpg,Hans Holbein the Younger
https://images.metmuseum.org/CRDImages/ep/original/DP280377.jpg,Hans Holbein the Younger
https://images.metmuseum.org/CRDImages/ep/original/DP164833.jpg,Hans Holbein the Younger
https://images.metmuseum.org/CRDImages/ep/original/DT1926.jpg,Jean Auguste Dominique Ingres
https://images.metmuseum.org/CRDImages/ep/original/DT1996.jpg,Jean Auguste Dominique Ingres
https://images.metmuseum.org/CRDImages/ep/original/DT1997.jpg,Jean Auguste Dominique Ingres
https://images.metmuseum.org/CRDImages/ep/original/DT403.jpg,Jean Auguste Dominique Ingres
https://images.metmuseum.org/CRDImages/ep/original/DT1998.jpg,Jean Auguste Dominique Ingres
https://images.metmuseum.org/CRDImages/ep/original/DP-13728-001.jpg,Jean Auguste Dominique Ingres
https://images.metmuseum.org/CRDImages/ep/original/dp130799.jpg,Edouard Manet
https://images.metmuseum.org/CRDImages/ep/original/DT859.jpg,Edouard Manet
https://images.metmuseum.org/CRDImages/ep/original/DP-13655-001.jpg,Edouard Manet
https://images.metmuseum.org/CRDImages/ep/original/DT45.jpg,Edouard Manet
https://images.metmuseum.org/CRDImages/ep/original/DP-14936-027.jpg,Edouard Manet
https://images.metmuseum.org/CRDImages/ep/original/DT2005.jpg,Edouard Manet
https://images.metmuseum.org/CRDImages/ep/original/DP-17679-001.jpg,Edouard Manet
https://images.metmuseum.org/CRDImages/ep/original/DT1563.jpg,Edouard Manet
https://images.metmuseum.org/CRDImages/ep/original/DT1931.jpg,Edouard Manet
https://images.metmuseum.org/CRDImages/ep/original/DT249052.jpg,Edouard Manet
https://images.metmuseum.org/CRDImages/ep/original/DT200593.jpg,Edouard Manet
https://images.metmuseum.org/CRDImages/ep/original/DP241909.jpg,Edouard Manet
https://images.metmuseum.org/CRDImages/ep/original/DP-17058-001.jpg,Edouard Manet
https://images.metmuseum.org/CRDImages/ep/original/DT1933.jpg,Edouard Manet
https://images.metmuseum.org/CRDImages/ep/original/DP123836.jpg,Edouard Manet
https://images.metmuseum.org/CRDImages/ep/original/ep56.230.1.R.jpg,Edouard Manet
https://images.metmuseum.org/CRDImages/ep/original/DP273977.jpg,Edouard Manet
https://images.metmuseum.org/CRDImages/ep/original/DT1562.jpg,Edouard Manet
https://images.metmuseum.org/CRDImages/ep/original/DT1465.jpg,Hans Memling
https://images.metmuseum.org/CRDImages/ep/original/DP336526.jpg,Hans Memling
https://images.metmuseum.org/CRDImages/ep/original/DT28_DT29.jpg,Hans Memling
https://images.metmuseum.org/CRDImages/ep/original/DP-19587-001.jpg,Hans Memling
https://images.metmuseum.org/CRDImages/ep/original/DP-19588-001.jpg,Hans Memling
https://images.metmuseum.org/CRDImages/ep/original/LC-Memling_32_100_58_overall.jpg,Hans Memling
https://images.metmuseum.org/CRDImages/ep/original/DP-19586-001.jpg,Hans Memling
https://images.metmuseum.org/CRDImages/ep/original/DT245520.jpg,Hans Memling
https://images.metmuseum.org/CRDImages/ep/original/DP102430.jpg,Netherlandish Painter
https://images.metmuseum.org/CRDImages/ep/original/ep32.100.46.bw.R.jpg,Netherlandish Painter
https://images.metmuseum.org/CRDImages/ep/original/DP321072.jpg,Netherlandish Painter
https://images.metmuseum.org/CRDImages/ep/original/DP-13350-001.jpg,Netherlandish Painter
https://images.metmuseum.org/CRDImages/ep/original/ep69.282.bw.R.jpg,Netherlandish Painter
https://images.metmuseum.org/CRDImages/ep/original/DT1483.jpg,Netherlandish Painter
https://images.metmuseum.org/CRDImages/ep/original/DT8858.jpg,Netherlandish Painter
https://images.metmuseum.org/CRDImages/ep/original/ep32.100.45.bw.R.jpg,Netherlandish Painter
https://images.metmuseum.org/CRDImages/ep/original/DT1859.jpg,Camille Pissarro
https://images.metmuseum.org/CRDImages/ep/original/DT1556.jpg,Camille Pissarro
https://images.metmuseum.org/CRDImages/ep/original/DT1868.jpg,Camille Pissarro
https://images.metmuseum.org/CRDImages/ep/original/DT1865.jpg,Camille Pissarro
https://images.metmuseum.org/CRDImages/ep/original/DT1857.jpg,Camille Pissarro
https://images.metmuseum.org/CRDImages/ep/original/DT1860.jpg,Camille Pissarro
https://images.metmuseum.org/CRDImages/ep/original/DT1867.jpg,Camille Pissarro
https://images.metmuseum.org/CRDImages/ep/original/DT837.jpg,Camille Pissarro
https://images.metmuseum.org/CRDImages/ep/original/DT1866.jpg,Camille Pissarro
https://images.metmuseum.org/CRDImages/ep/original/DT1863.jpg,Camille Pissarro
https://images.metmuseum.org/CRDImages/ep/original/DT1864.jpg,Camille Pissarro
https://images.metmuseum.org/CRDImages/ep/original/DT1906.jpg,Camille Pissarro
https://images.metmuseum.org/CRDImages/ep/original/DT1139.jpg,Camille Pissarro
https://images.metmuseum.org/CRDImages/ep/original/DP-14936-037.jpg,Camille Pissarro
https://images.metmuseum.org/CRDImages/ep/original/DT1559.jpg,Camille Pissarro
https://images.metmuseum.org/CRDImages/ep/original/DT1043.jpg,Camille Pissarro
https://images.metmuseum.org/CRDImages/ep/original/DT1862.jpg,Camille Pissarro
https://images.metmuseum.org/CRDImages/ep/original/DP170905.jpg,Sir Henry Raeburn
https://images.metmuseum.org/CRDImages/ep/original/DP170904.jpg,Sir Henry Raeburn
https://images.metmuseum.org/CRDImages/ep/original/DP162164.jpg,Sir Henry Raeburn
https://images.metmuseum.org/CRDImages/ep/original/DP162166.jpg,Sir Henry Raeburn
https://images.metmuseum.org/CRDImages/ep/original/DP162154.jpg,Sir Henry Raeburn
https://images.metmuseum.org/CRDImages/ep/original/DP162163.jpg,Sir Henry Raeburn
https://images.metmuseum.org/CRDImages/ep/original/DP169400.jpg,Sir Henry Raeburn
https://images.metmuseum.org/CRDImages/ep/original/DP162179.jpg,Sir Henry Raeburn
https://images.metmuseum.org/CRDImages/ep/original/DP164852.jpg,Sir Henry Raeburn
https://images.metmuseum.org/CRDImages/ep/original/DP162150.jpg,Sir Henry Raeburn
https://images.metmuseum.org/CRDImages/ep/original/DP169641.jpg,Sir Henry Raeburn
https://images.metmuseum.org/CRDImages/ep/original/DP146479.jpg,Rembrandt (Rembrandt van Rijn)
https://images.metmuseum.org/CRDImages/ep/original/DP121326.jpg,Rembrandt (Rembrandt van Rijn)
https://images.metmuseum.org/CRDImages/ep/original/DP145938.jpg,Rembrandt (Rembrandt van Rijn)
https://images.metmuseum.org/CRDImages/ep/original/DP145399.jpg,Rembrandt (Rembrandt van Rijn)
https://images.metmuseum.org/CRDImages/ep/original/DP146454.jpg,Rembrandt (Rembrandt van Rijn)
https://images.metmuseum.org/CRDImages/ep/original/DP145913.jpg,Rembrandt (Rembrandt van Rijn)
https://images.metmuseum.org/CRDImages/ep/original/DP-16969-001.jpg,Rembrandt (Rembrandt van Rijn)
https://images.metmuseum.org/CRDImages/ep/original/DP145921.jpg,Rembrandt (Rembrandt van Rijn)
https://images.metmuseum.org/CRDImages/ep/original/DP145915.jpg,Rembrandt (Rembrandt van Rijn)
https://images.metmuseum.org/CRDImages/ep/original/DP319026.jpg,Rembrandt (Rembrandt van Rijn)
https://images.metmuseum.org/CRDImages/ep/original/DP121330.jpg,Rembrandt (Rembrandt van Rijn)
https://images.metmuseum.org/CRDImages/ep/original/DP145920.jpg,Rembrandt (Rembrandt van Rijn)
https://images.metmuseum.org/CRDImages/ep/original/DP-16323-001.jpg,Rembrandt (Rembrandt van Rijn)
https://images.metmuseum.org/CRDImages/ep/original/DP120785.jpg,Rembrandt (Rembrandt van Rijn)
https://images.metmuseum.org/CRDImages/ep/original/DP145909.jpg,Rembrandt (Rembrandt van Rijn)
https://images.metmuseum.org/CRDImages/ep/original/DP145947.jpg,Rembrandt (Rembrandt van Rijn)
https://images.metmuseum.org/CRDImages/ep/original/DP120783.jpg,Rembrandt (Rembrandt van Rijn)
https://images.metmuseum.org/CRDImages/ep/original/DP145910.jpg,Rembrandt (Rembrandt van Rijn)
https://images.metmuseum.org/CRDImages/ep/original/DP145935.jpg,Rembrandt
https://images.metmuseum.org/CRDImages/ep/original/DP145916.jpg,Rembrandt
https://images.metmuseum.org/CRDImages/ep/original/DP145912.jpg,Rembrandt
https://images.metmuseum.org/CRDImages/ep/original/DT1347.jpg,Rembrandt
https://images.metmuseum.org/CRDImages/ep/original/DP146507.jpg,Rembrandt
https://images.metmuseum.org/CRDImages/ep/original/DP146483.jpg,Rembrandt
https://images.metmuseum.org/CRDImages/ep/original/DP146482.jpg,Rembrandt
https://images.metmuseum.org/CRDImages/ep/original/DP146472.jpg,Rembrandt
https://images.metmuseum.org/CRDImages/ep/original/DP146474.jpg,Rembrandt
https://images.metmuseum.org/CRDImages/ep/original/DP145928.jpg,Rembrandt
https://images.metmuseum.org/CRDImages/ep/original/DP145903.jpg,Rembrandt
https://images.metmuseum.org/CRDImages/ep/original/DP145410.jpg,Rembrandt
https://images.metmuseum.org/CRDImages/ep/original/DP146489.jpg,Rembrandt (Rembrandt van Rijn)
https://images.metmuseum.org/CRDImages/ep/original/DP146456.jpg,Rembrandt
https://images.metmuseum.org/CRDImages/ep/original/DP145931.jpg,Rembrandt
https://images.metmuseum.org/CRDImages/ep/original/DP146443.jpg,Rembrandt
https://images.metmuseum.org/CRDImages/ep/original/DP143183.jpg,Rembrandt
https://images.metmuseum.org/CRDImages/ep/original/DT1399.jpg,Auguste Renoir
https://images.metmuseum.org/CRDImages/ep/original/DT1489.jpg,Auguste Renoir
https://images.metmuseum.org/CRDImages/ep/original/DP136266.jpg,Auguste Renoir
https://images.metmuseum.org/CRDImages/ep/original/DT1878.jpg,Auguste Renoir
https://images.metmuseum.org/CRDImages/ep/original/DT1876.jpg,Auguste Renoir
https://images.metmuseum.org/CRDImages/ep/original/DT1140.jpg,Auguste Renoir
https://images.metmuseum.org/CRDImages/ep/original/DP-14936-039.jpg,Auguste Renoir
https://images.metmuseum.org/CRDImages/ep/original/DP-20338-001.jpg,Auguste Renoir
https://images.metmuseum.org/CRDImages/ep/original/DT1487.jpg,Auguste Renoir
https://images.metmuseum.org/CRDImages/ep/original/DT215205.jpg,Auguste Renoir
https://images.metmuseum.org/CRDImages/ep/original/DT1398.jpg,Auguste Renoir
https://images.metmuseum.org/CRDImages/ep/original/DP265242.jpg,Auguste Renoir
https://images.metmuseum.org/CRDImages/ep/original/DT1488.jpg,Auguste Renoir
https://images.metmuseum.org/CRDImages/ep/original/DT1881.jpg,Auguste Renoir
https://images.metmuseum.org/CRDImages/ep/original/DP-14936-053.jpg,Auguste Renoir
https://images.metmuseum.org/CRDImages/ep/original/DP168995.jpg,Sir Joshua Reynolds
https://images.metmuseum.org/CRDImages/ep/original/DP169642.jpg,Sir Joshua Reynolds
https://images.metmuseum.org/CRDImages/ep/original/DP168994.jpg,Sir Joshua Reynolds
https://images.metmuseum.org/CRDImages/ep/original/DP162151.jpg,Sir Joshua Reynolds
https://images.metmuseum.org/CRDImages/ep/original/DP169215.jpg,Sir Joshua Reynolds
https://images.metmuseum.org/CRDImages/ep/original/DP169382.jpg,Sir Joshua Reynolds
https://images.metmuseum.org/CRDImages/ep/original/DP213052.jpg,Sir Joshua Reynolds
https://images.metmuseum.org/CRDImages/ep/original/DP162170.jpg,Sir Joshua Reynolds
https://images.metmuseum.org/CRDImages/ep/original/DP162171.jpg,Sir Joshua Reynolds
https://images.metmuseum.org/CRDImages/ep/original/DP162169.jpg,Sir Joshua Reynolds
https://images.metmuseum.org/CRDImages/ep/original/DP162172.jpg,Sir Joshua Reynolds
https://images.metmuseum.org/CRDImages/ep/original/DP169212.jpg,Sir Joshua Reynolds
https://images.metmuseum.org/CRDImages/ep/original/DT200207.jpg,Netherlandish Painter
https://images.metmuseum.org/CRDImages/ep/original/DP240360.jpg,Hans Memling
https://images.metmuseum.org/CRDImages/ep/original/DT4574.jpg,Théodore Rousseau
https://images.metmuseum.org/CRDImages/ep/original/DP-19627-001.jpg,Théodore Rousseau
https://images.metmuseum.org/CRDImages/ep/original/DP-19583-001.jpg,Théodore Rousseau
https://images.metmuseum.org/CRDImages/ep/original/DT240033.jpg,Théodore Rousseau
https://images.metmuseum.org/CRDImages/ep/original/DP-15888-001.jpg,Théodore Rousseau
https://images.metmuseum.org/CRDImages/ep/original/DP274261.jpg,Théodore Rousseau
https://images.metmuseum.org/CRDImages/ep/original/DT229696.jpg,Théodore Rousseau
https://images.metmuseum.org/CRDImages/ep/original/DP261342.jpg,Peter Paul Rubens
https://images.metmuseum.org/CRDImages/ep/original/DT4532.jpg,Peter Paul Rubens
https://images.metmuseum.org/CRDImages/ep/original/DP-18296-021.jpg,Peter Paul Rubens
https://images.metmuseum.org/CRDImages/ep/original/DP-17640-001.jpg,Peter Paul Rubens
https://images.metmuseum.org/CRDImages/ep/original/ep55.135.1.R.jpg,Peter Paul Rubens
https://images.metmuseum.org/CRDImages/ep/original/DT8854.jpg,Peter Paul Rubens
https://images.metmuseum.org/CRDImages/ep/original/DP-20395-001.jpg,Peter Paul Rubens
https://images.metmuseum.org/CRDImages/ep/original/DP-14286-003.jpg,Peter Paul Rubens
https://images.metmuseum.org/CRDImages/ep/original/DP104990.jpg,Peter Paul Rubens
https://images.metmuseum.org/CRDImages/ep/original/DT2737.jpg,Peter Paul Rubens
https://images.metmuseum.org/CRDImages/ep/original/DT5526.jpg,Peter Paul Rubens
https://images.metmuseum.org/CRDImages/ep/original/ep00.16.bw.R.jpg,Peter Paul Rubens
https://images.metmuseum.org/CRDImages/ep/original/ep32.100.37.R.jpg,Peter Paul Rubens
https://images.metmuseum.org/CRDImages/ep/original/DP-18296-013.jpg,Peter Paul Rubens
https://images.metmuseum.org/CRDImages/ep/original/ep91.26.4.bw.R.jpg,Peter Paul Rubens
https://images.metmuseum.org/CRDImages/ep/original/ep32.100.42.bw.R.jpg,Peter Paul Rubens
https://images.metmuseum.org/CRDImages/ep/original/DP375450_cropped.jpg,Georges Seurat
https://images.metmuseum.org/CRDImages/ep/original/DT2165.jpg,Georges Seurat
https://images.metmuseum.org/CRDImages/ep/original/DT1499.jpg,Georges Seurat
https://images.metmuseum.org/CRDImages/ep/original/DP-19196-001.jpg,Georges Seurat
https://images.metmuseum.org/CRDImages/ep/original/DP259921.jpg,Georges Seurat
https://images.metmuseum.org/CRDImages/ep/original/DP-19197-001.jpg,Georges Seurat
https://images.metmuseum.org/CRDImages/ep/original/DP134700.jpg,French Painter
https://images.metmuseum.org/CRDImages/ep/original/DP130999.jpg,Vincent van Gogh
https://images.metmuseum.org/CRDImages/ep/original/DP-19279-001.jpg,Vincent van Gogh
https://images.metmuseum.org/CRDImages/ep/original/DP-17401-001.jpg,Henri Fantin-Latour
https://images.metmuseum.org/CRDImages/ep/original/DT1939.jpg,Paul Cézanne
https://images.metmuseum.org/CRDImages/ep/original/DT1944.jpg,Paul Cézanne
https://images.metmuseum.org/CRDImages/ep/original/DT2016.jpg,Camille Corot
https://images.metmuseum.org/CRDImages/ep/original/DT10260.jpg,Henri Fantin-Latour
https://images.metmuseum.org/CRDImages/ep/original/DT9200.jpg,Henri Fantin-Latour
https://images.metmuseum.org/CRDImages/ep/original/DT9199.jpg,Henri Fantin-Latour
https://images.metmuseum.org/CRDImages/ep/original/DT1946.jpg,Vincent van Gogh
https://images.metmuseum.org/CRDImages/ep/original/DT1027.jpg,Paul Gauguin
https://images.metmuseum.org/CRDImages/ep/original/DT1954.jpg,Paul Gauguin
https://images.metmuseum.org/CRDImages/ep/original/DT1953.jpg,Paul Gauguin
https://images.metmuseum.org/CRDImages/ep/original/DT4224.jpg,Edouard Manet
https://images.metmuseum.org/CRDImages/ep/original/DT1874.jpg,Auguste Renoir
https://images.metmuseum.org/CRDImages/ep/original/DT1882.jpg,Auguste Renoir
https://images.metmuseum.org/CRDImages/ep/original/DT1877.jpg,Auguste Renoir
https://images.metmuseum.org/CRDImages/ep/original/DP-14976-001.jpg,Auguste Renoir
https://images.metmuseum.org/CRDImages/ep/original/DT1879.jpg,Auguste Renoir
https://images.metmuseum.org/CRDImages/ep/original/DT1945.jpg,Georges Seurat
https://images.metmuseum.org/CRDImages/ep/original/DT4167.jpg,Francesco Guardi
https://images.metmuseum.org/CRDImages/ep/original/DP162310.jpg,Francesco Guardi
https://images.metmuseum.org/CRDImages/ep/original/DT4204.jpg,Henri Fantin-Latour
https://images.metmuseum.org/CRDImages/ep/original/DP-18371-001.jpg,Anthony van Dyck
https://images.metmuseum.org/CRDImages/ep/original/Wrightsman24.jpg,Francesco Guardi
https://images.metmuseum.org/CRDImages/ep/original/Wrightsman23.jpg,Francesco Guardi
https://images.metmuseum.org/CRDImages/ep/original/DP-18528-001.jpg,Georges Seurat
https://images.metmuseum.org/CRDImages/ep/original/DT2157.jpg,Paul Cézanne
https://images.metmuseum.org/CRDImages/ep/original/DT204991.jpg,Edouard Manet
https://images.metmuseum.org/CRDImages/ep/original/DP212152.jpg,Edgar Degas
https://images.metmuseum.org/CRDImages/ep/original/DP120418.jpg,Rembrandt
https://images.metmuseum.org/CRDImages/ep/original/DP136074.jpg,Jean Auguste Dominique Ingres
https://images.metmuseum.org/CRDImages/ep/original/DP274250.jpg,Camille Corot
https://images.metmuseum.org/CRDImages/ep/original/DT1503.jpg,Vincent van Gogh
https://images.metmuseum.org/CRDImages/ep/original/DP-20613-001.jpg,Camille Pissarro
https://images.metmuseum.org/CRDImages/ep/original/DT49.jpg,Auguste Renoir
https://images.metmuseum.org/CRDImages/ep/original/DP247630.jpg,Théodore Rousseau
https://images.metmuseum.org/CRDImages/ep/original/DP-20101-001.jpg,Edgar Degas
https://images.metmuseum.org/CRDImages/ep/original/DP151185.jpg,Jean Auguste Dominique Ingres
https://images.metmuseum.org/CRDImages/ep/original/DT862.jpg,Edouard Manet
https://images.metmuseum.org/CRDImages/ep/original/DT1967.jpg,Gustave Courbet
https://images.metmuseum.org/CRDImages/ep/original/DT1025.jpg,Paul Gauguin
https://images.metmuseum.org/CRDImages/ep/original/DP158871.jpg,Edgar Degas
https://images.metmuseum.org/CRDImages/ep/original/DP257756.jpg,Auguste Renoir
https://images.metmuseum.org/CRDImages/rl/original/DT3022.jpg,Giovanni di Paolo (Giovanni di Paolo di Grazia)
https://images.metmuseum.org/CRDImages/rl/original/DT707.jpg,Giovanni di Paolo (Giovanni di Paolo di Grazia)
https://images.metmuseum.org/CRDImages/rl/original/DP-19531-100.jpg,Giovanni di Paolo (Giovanni di Paolo di Grazia)
https://images.metmuseum.org/CRDImages/rl/original/DP366038.jpg,Giovanni di Paolo (Giovanni di Paolo di Grazia)
https://images.metmuseum.org/CRDImages/rl/original/DP366040.jpg,Giovanni di Paolo (Giovanni di Paolo di Grazia)
https://images.metmuseum.org/CRDImages/rl/original/DT3026.jpg,Giovanni di Paolo (Giovanni di Paolo di Grazia)
https://images.metmuseum.org/CRDImages/rl/original/DP366042.jpg,Giovanni di Paolo (Giovanni di Paolo di Grazia)
https://images.metmuseum.org/CRDImages/rl/original/DP-19531-098.jpg,Giovanni di Paolo (Giovanni di Paolo di Grazia)
https://images.metmuseum.org/CRDImages/rl/original/DT708.jpg,Giovanni di Paolo (Giovanni di Paolo di Grazia)
https://images.metmuseum.org/CRDImages/rl/original/DP366056.jpg,Giovanni di Paolo (Giovanni di Paolo di Grazia)
https://images.metmuseum.org/CRDImages/rl/original/DP366058.jpg,Giovanni di Paolo (Giovanni di Paolo di Grazia)
https://images.metmuseum.org/CRDImages/rl/original/DP328378.jpg,Francesco Guardi
https://images.metmuseum.org/CRDImages/rl/original/DP328379.jpg,Francesco Guardi
https://images.metmuseum.org/CRDImages/rl/original/DP328380.jpg,Francesco Guardi
https://images.metmuseum.org/CRDImages/rl/original/DT3076.jpg,Hans Memling
https://images.metmuseum.org/CRDImages/rl/original/DT3077.jpg,Hans Memling
https://images.metmuseum.org/CRDImages/rl/original/DT712.jpg,Hans Memling
https://images.metmuseum.org/CRDImages/rl/original/DP159772.jpg,Lucas Cranach the Elder
https://images.metmuseum.org/CRDImages/rl/original/DP164857.jpg,Hans Holbein the Younger
https://images.metmuseum.org/CRDImages/rl/original/DP121332.jpg,Rembrandt (Rembrandt van Rijn)
https://images.metmuseum.org/CRDImages/rl/original/DP295708.jpg,Goya (Francisco de Goya y Lucientes)
https://images.metmuseum.org/CRDImages/rl/original/DT3108.jpg,Paul Cézanne
https://images.metmuseum.org/CRDImages/rl/original/DT718.jpg,Camille Corot
https://images.metmuseum.org/CRDImages/rl/original/0165-1.jpg,Charles-François Daubigny
https://images.metmuseum.org/CRDImages/rl/original/DT3113.jpg,Edgar Degas
https://images.metmuseum.org/CRDImages/rl/original/DT3117.jpg,Paul Gauguin
https://images.metmuseum.org/CRDImages/rl/original/0185-1.jpg,Jean Auguste Dominique Ingres
https://images.metmuseum.org/CRDImages/rl/original/DP-19264-001.jpg,Jean Auguste Dominique Ingres
https://images.metmuseum.org/CRDImages/rl/original/DT3127.jpg,Camille Pissarro
https://images.metmuseum.org/CRDImages/rl/original/DT3128.jpg,Auguste Renoir
https://images.metmuseum.org/CRDImages/rl/original/DP-17279-001.jpg,Auguste Renoir
https://images.metmuseum.org/CRDImages/rl/original/DT3130.jpg,Auguste Renoir
https://images.metmuseum.org/CRDImages/rl/original/DT3131.jpg,Auguste Renoir
https://images.metmuseum.org/CRDImages/rl/original/SLP0202.jpg,Auguste Renoir
https://images.metmuseum.org/CRDImages/rl/original/DT3133.jpg,Théodore Rousseau
https://images.metmuseum.org/CRDImages/rl/original/DT3134.jpg,Théodore Rousseau
https://images.metmuseum.org/CRDImages/rl/original/DT3135.jpg,Georges Seurat
https://images.metmuseum.org/CRDImages/rl/original/DT3136.jpg,Georges Seurat
https://images.metmuseum.org/CRDImages/rl/original/DT3154.jpg,Vincent van Gogh
https://images.metmuseum.org/CRDImages/rl/original/DT3157.jpg,Sir Henry Raeburn
https://images.metmuseum.org/CRDImages/ep/original/DP318075(a).jpg,Henri Fantin-Latour
https://images.metmuseum.org/CRDImages/as/original/14_140_10_F_sf.jpg,Kano Shōun
https://images.metmuseum.org/CRDImages/ep/original/DP-17996-001.jpg,Edgar Degas
